{
    "metadata": {
        "configurationVersions": [3],
        "clusterVersion": "1.194.78.20200615-124949"
    },
    "id": "__ignore__",
    "dashboardMetadata": {
        "name": "\uD83D\uDCB3DEM Billing",
        "shared": true,
        "owner": "__ignore__",
        "sharingDetails": {
            "linkShared": true,
            "published": false
        },
        "dashboardFilter": {
            "timeframe": ""
        }
    },
    "tiles": [{
        "name": "Custom chart",
        "tileType": "CUSTOM_CHARTING",
        "configured": true,
        "bounds": {
            "top": 190,
            "left": 0,
            "width": 380,
            "height": 266
        },
        "tileFilter": {},
        "filterConfig": {
            "type": "MIXED",
            "customName": "Sessions without replay",
            "defaultName": "Custom chart",
            "chartConfig": {
                "legendShown": true,
                "type": "SINGLE_VALUE",
                "series": [{
                    "metric": "builtin:billing.apps.web.sessionsWithoutReplayByApplication",
                    "aggregation": "NONE",
                    "type": "LINE",
                    "entityType": "APPLICATION",
                    "dimensions": [],
                    "sortAscending": false,
                    "sortColumn": true,
                    "aggregationRate": "TOTAL"
                }],
                "resultMetadata": {}
            },
            "filtersPerEntityType": {}
        }
    }, {
        "name": "Custom chart",
        "tileType": "CUSTOM_CHARTING",
        "configured": true,
        "bounds": {
            "top": 494,
            "left": 0,
            "width": 380,
            "height": 304
        },
        "tileFilter": {},
        "filterConfig": {
            "type": "MIXED",
            "customName": "Actions",
            "defaultName": "Custom chart",
            "chartConfig": {
                "legendShown": true,
                "type": "SINGLE_VALUE",
                "series": [{
                    "metric": "builtin:billing.synthetic.actions",
                    "aggregation": "NONE",
                    "type": "LINE",
                    "entityType": "SYNTHETIC_TEST",
                    "dimensions": [],
                    "sortAscending": false,
                    "sortColumn": true,
                    "aggregationRate": "TOTAL"
                }],
                "resultMetadata": {}
            },
            "filtersPerEntityType": {}
        }
    }, {
        "name": "Sessions without replay (x0.25 DEM)",
        "tileType": "HEADER",
        "configured": true,
        "bounds": {
            "top": 152,
            "left": 0,
            "width": 380,
            "height": 38
        },
        "tileFilter": {}
    }, {
        "name": "Sessions with replay (x1.0 DEM)",
        "tileType": "HEADER",
        "configured": true,
        "bounds": {
            "top": 152,
            "left": 380,
            "width": 380,
            "height": 38
        },
        "tileFilter": {}
    }, {
        "name": "Synthetic actions (x1.0 DEM)",
        "tileType": "HEADER",
        "configured": true,
        "bounds": {
            "top": 456,
            "left": 0,
            "width": 380,
            "height": 38
        },
        "tileFilter": {}
    }, {
        "name": "HTTP Monitors (x0.1 DEM)",
        "tileType": "HEADER",
        "configured": true,
        "bounds": {
            "top": 456,
            "left": 380,
            "width": 380,
            "height": 38
        },
        "tileFilter": {}
    }, {
        "name": "Custom chart",
        "tileType": "CUSTOM_CHARTING",
        "configured": true,
        "bounds": {
            "top": 494,
            "left": 380,
            "width": 380,
            "height": 304
        },
        "tileFilter": {},
        "filterConfig": {
            "type": "MIXED",
            "customName": "Requests",
            "defaultName": "Custom chart",
            "chartConfig": {
                "legendShown": true,
                "type": "SINGLE_VALUE",
                "series": [{
                    "metric": "builtin:billing.synthetic.requests",
                    "aggregation": "NONE",
                    "type": "LINE",
                    "entityType": "SYNTHETIC_HTTPCHECK",
                    "dimensions": [],
                    "sortAscending": false,
                    "sortColumn": true,
                    "aggregationRate": "TOTAL"
                }],
                "resultMetadata": {}
            },
            "filtersPerEntityType": {}
        }
    }, {
        "name": "Custom chart",
        "tileType": "CUSTOM_CHARTING",
        "configured": true,
        "bounds": {
            "top": 190,
            "left": 380,
            "width": 380,
            "height": 266
        },
        "tileFilter": {},
        "filterConfig": {
            "type": "MIXED",
            "customName": "Sessions with replay",
            "defaultName": "Custom chart",
            "chartConfig": {
                "legendShown": true,
                "type": "SINGLE_VALUE",
                "series": [{
                    "metric": "builtin:billing.apps.web.sessionsWithReplayByApplication",
                    "aggregation": "NONE",
                    "type": "LINE",
                    "entityType": "APPLICATION",
                    "dimensions": [],
                    "sortAscending": false,
                    "sortColumn": true,
                    "aggregationRate": "TOTAL"
                }],
                "resultMetadata": {}
            },
            "filtersPerEntityType": {}
        }
    }, {
        "name": "Third party synthetic (x0.1 DEM)",
        "tileType": "HEADER",
        "configured": true,
        "bounds": {
            "top": 456,
            "left": 760,
            "width": 380,
            "height": 38
        },
        "tileFilter": {}
    }, {
        "name": "Custom chart",
        "tileType": "CUSTOM_CHARTING",
        "configured": true,
        "bounds": {
            "top": 494,
            "left": 760,
            "width": 380,
            "height": 304
        },
        "tileFilter": {},
        "filterConfig": {
            "type": "MIXED",
            "customName": "Third-party results",
            "defaultName": "Custom chart",
            "chartConfig": {
                "legendShown": true,
                "type": "SINGLE_VALUE",
                "series": [{
                    "metric": "builtin:billing.synthetic.external",
                    "aggregation": "NONE",
                    "type": "LINE",
                    "entityType": "EXTERNAL_SYNTHETIC_TEST",
                    "dimensions": [],
                    "sortAscending": false,
                    "sortColumn": true,
                    "aggregationRate": "TOTAL"
                }],
                "resultMetadata": {}
            },
            "filtersPerEntityType": {}
        }
    }, {
        "name": "Custom chart",
        "tileType": "CUSTOM_CHARTING",
        "configured": true,
        "bounds": {
            "top": 190,
            "left": 760,
            "width": 380,
            "height": 266
        },
        "tileFilter": {},
        "filterConfig": {
            "type": "MIXED",
            "customName": "Total user action and session properties",
            "defaultName": "Custom chart",
            "chartConfig": {
                "legendShown": true,
                "type": "SINGLE_VALUE",
                "series": [{
                    "metric": "builtin:billing.apps.web.userActionPropertiesByApplication",
                    "aggregation": "NONE",
                    "type": "BAR",
                    "entityType": "APPLICATION",
                    "dimensions": [{
                        "id": "0",
                        "name": "dt.entity.application",
                        "values": [],
                        "entityDimension": true
                    }],
                    "sortAscending": false,
                    "sortColumn": true,
                    "aggregationRate": "TOTAL"
                }],
                "resultMetadata": {}
            },
            "filtersPerEntityType": {}
        }
    }, {
        "name": "Properties (x0.01 DEM)",
        "tileType": "HEADER",
        "configured": true,
        "bounds": {
            "top": 152,
            "left": 760,
            "width": 380,
            "height": 38
        },
        "tileFilter": {}
    }, {
        "name": "Markdown",
        "tileType": "MARKDOWN",
        "configured": true,
        "bounds": {
            "top": 0,
            "left": 0,
            "width": 1140,
            "height": 152
        },
        "tileFilter": {},
        "markdown": "# DEM Units consumption\nConfigure the Management Zone and timeframe on the upper right corner of the Dynatrace UI (Consumption is calculated on a monthly basis)"
    }]
}
