{
    "metadata": {
        "configurationVersions": [3],
        "clusterVersion": "1.194.52.20200526-172811"
    },
    "id": "__ignored__",
    "dashboardMetadata": {
        "name": "\uD83C\uDF10Network overview",
        "shared": false,
        "owner": "__ignored__",
        "sharingDetails": {
            "linkShared": true,
            "published": false
        },
        "dashboardFilter": {
            "timeframe": ""
        }
    },
    "tiles": [{
        "name": "Custom chart",
        "tileType": "CUSTOM_CHARTING",
        "configured": true,
        "bounds": {
            "top": 684,
            "left": 0,
            "width": 1064,
            "height": 266
        },
        "tileFilter": {},
        "filterConfig": {
            "type": "MIXED",
            "customName": "Traffic in",
            "defaultName": "Custom chart",
            "chartConfig": {
                "legendShown": true,
                "type": "TIMESERIES",
                "series": [{
                    "metric": "builtin:tech.generic.network.traffic.trafficIn",
                    "aggregation": "AVG",
                    "type": "LINE",
                    "entityType": "PROCESS_GROUP_INSTANCE",
                    "dimensions": [],
                    "sortAscending": false,
                    "aggregationRate": "TOTAL",
                    "sortColumn": true
                }],
                "resultMetadata": {
                    "nullbuiltin:tech.generic.network.traffic.trafficIn|AVG|TOTAL|LINE|PROCESS_GROUP_INSTANCE": {
                        "lastModified": 1591863696875,
                        "customColor": "#008cdb"
                    }
                }
            },
            "filtersPerEntityType": {}
        }
    }, {
        "name": "Network metrics",
        "tileType": "NETWORK",
        "configured": true,
        "bounds": {
            "top": 0,
            "left": 304,
            "width": 304,
            "height": 304
        },
        "tileFilter": {}
    }, {
        "name": "Network status",
        "tileType": "NETWORK_MEDIUM",
        "configured": true,
        "bounds": {
            "top": 152,
            "left": 0,
            "width": 304,
            "height": 152
        },
        "tileFilter": {}
    }, {
        "name": "World map",
        "tileType": "APPLICATION_WORLDMAP",
        "configured": true,
        "bounds": {
            "top": 0,
            "left": 608,
            "width": 456,
            "height": 304
        },
        "tileFilter": {},
        "assignedEntities": ["APPLICATION-08EBD5603755FA87"],
        "metric": "APDEX"
    }, {
        "name": "Custom chart",
        "tileType": "CUSTOM_CHARTING",
        "configured": true,
        "bounds": {
            "top": 76,
            "left": 1482,
            "width": 418,
            "height": 874
        },
        "tileFilter": {},
        "filterConfig": {
            "type": "MIXED",
            "customName": "Traffic in",
            "defaultName": "Custom chart",
            "chartConfig": {
                "legendShown": true,
                "type": "TOP_LIST",
                "series": [{
                    "metric": "builtin:host.net.nic.trafficIn",
                    "aggregation": "AVG",
                    "type": "LINE",
                    "entityType": "HOST",
                    "dimensions": [{
                        "id": "1",
                        "name": "dt.entity.network_interface",
                        "values": [],
                        "entityDimension": true
                    }],
                    "sortAscending": false,
                    "aggregationRate": "TOTAL",
                    "sortColumn": true
                }],
                "resultMetadata": {}
            },
            "filtersPerEntityType": {}
        }
    }, {
        "name": "Custom chart",
        "tileType": "CUSTOM_CHARTING",
        "configured": true,
        "bounds": {
            "top": 76,
            "left": 1064,
            "width": 418,
            "height": 874
        },
        "tileFilter": {},
        "filterConfig": {
            "type": "MIXED",
            "customName": "Traffic out",
            "defaultName": "Custom chart",
            "chartConfig": {
                "legendShown": true,
                "type": "TOP_LIST",
                "series": [{
                    "metric": "builtin:host.net.nic.trafficOut",
                    "aggregation": "AVG",
                    "type": "LINE",
                    "entityType": "HOST",
                    "dimensions": [{
                        "id": "1",
                        "name": "dt.entity.network_interface",
                        "values": [],
                        "entityDimension": true
                    }],
                    "sortAscending": false,
                    "aggregationRate": "TOTAL",
                    "sortColumn": true
                }],
                "resultMetadata": {}
            },
            "filtersPerEntityType": {}
        }
    }, {
        "name": "Custom chart",
        "tileType": "CUSTOM_CHARTING",
        "configured": true,
        "bounds": {
            "top": 418,
            "left": 0,
            "width": 1064,
            "height": 266
        },
        "tileFilter": {},
        "filterConfig": {
            "type": "MIXED",
            "customName": "Traffic out",
            "defaultName": "Custom chart",
            "chartConfig": {
                "legendShown": true,
                "type": "TIMESERIES",
                "series": [{
                    "metric": "builtin:tech.generic.network.traffic.trafficOut",
                    "aggregation": "AVG",
                    "type": "LINE",
                    "entityType": "PROCESS_GROUP_INSTANCE",
                    "dimensions": [],
                    "sortAscending": false,
                    "aggregationRate": "TOTAL",
                    "sortColumn": true
                }],
                "resultMetadata": {
                    "nullbuiltin:tech.generic.network.traffic.trafficOut|AVG|TOTAL|LINE|PROCESS_GROUP_INSTANCE": {
                        "lastModified": 1591863689682,
                        "customColor": "#008cdb"
                    }
                }
            },
            "filtersPerEntityType": {}
        }
    }, {
        "name": "Markdown",
        "tileType": "MARKDOWN",
        "configured": true,
        "bounds": {
            "top": 38,
            "left": 0,
            "width": 304,
            "height": 76
        },
        "tileFilter": {},
        "markdown": "# Network overview"
    }, {
        "name": "Markdown",
        "tileType": "MARKDOWN",
        "configured": true,
        "bounds": {
            "top": 342,
            "left": 0,
            "width": 1064,
            "height": 76
        },
        "tileFilter": {},
        "markdown": "# Traffic (Processes) ⛖"
    }, {
        "name": "Markdown",
        "tileType": "MARKDOWN",
        "configured": true,
        "bounds": {
            "top": 0,
            "left": 1064,
            "width": 836,
            "height": 76
        },
        "tileFilter": {},
        "markdown": "# Traffic (Network interfaces) \uD83D\uDDA7"
    }]
}