{
    "metadata": {
        "configurationVersions": [3],
        "clusterVersion": "1.194.52.20200526-172811"
    },
    "id": "_ignore_",
    "dashboardMetadata": {
        "name": "\uD83D\uDCBBWeb Application",
        "shared": false,
        "owner": "__ignore__",
        "sharingDetails": {
            "linkShared": true,
            "published": false
        },
        "dashboardFilter": {
            "timeframe": ""
        }
    },
    "tiles": [{
        "name": "User behavior",
        "tileType": "SESSION_METRICS",
        "configured": true,
        "bounds": {
            "top": 114,
            "left": 304,
            "width": 304,
            "height": 304
        },
        "tileFilter": {},
        "assignedEntities": ["APPLICATION-08EBD5603755FA87"]
    }, {
        "name": "World map",
        "tileType": "APPLICATION_WORLDMAP",
        "configured": true,
        "bounds": {
            "top": 76,
            "left": 912,
            "width": 494,
            "height": 304
        },
        "tileFilter": {},
        "assignedEntities": ["APPLICATION-08EBD5603755FA87"],
        "metric": "APDEX"
    }, {
        "name": "World map",
        "tileType": "APPLICATION_WORLDMAP",
        "configured": true,
        "bounds": {
            "top": 76,
            "left": 1406,
            "width": 494,
            "height": 304
        },
        "tileFilter": {},
        "assignedEntities": ["APPLICATION-08EBD5603755FA87"],
        "metric": "ACTION_COUNT"
    }, {
        "name": "Key user action overview",
        "tileType": "UEM_KEY_USER_ACTIONS",
        "configured": true,
        "bounds": {
            "top": 570,
            "left": 608,
            "width": 304,
            "height": 304
        },
        "tileFilter": {},
        "assignedEntities": ["APPLICATION-08EBD5603755FA87"]
    }, {
        "name": "Web application",
        "tileType": "APPLICATION",
        "configured": true,
        "bounds": {
            "top": 114,
            "left": 0,
            "width": 304,
            "height": 304
        },
        "tileFilter": {},
        "assignedEntities": ["APPLICATION-08EBD5603755FA87"]
    }, {
        "name": "Browser monitor",
        "tileType": "SYNTHETIC_SINGLE_WEBCHECK",
        "configured": true,
        "bounds": {
            "top": 114,
            "left": 608,
            "width": 304,
            "height": 304
        },
        "tileFilter": {},
        "assignedEntities": ["SYNTHETIC_TEST-0000000000005721"],
        "excludeMaintenanceWindows": false
    }, {
        "name": "Markdown",
        "tileType": "MARKDOWN",
        "configured": true,
        "bounds": {
            "top": 0,
            "left": 1216,
            "width": 418,
            "height": 76
        },
        "tileFilter": {},
        "markdown": "# Geolocational information \uD83C\uDF0D"
    }, {
        "name": "User Sessions Query",
        "tileType": "DTAQL",
        "configured": true,
        "bounds": {
            "top": 380,
            "left": 1406,
            "width": 494,
            "height": 494
        },
        "tileFilter": {},
        "customName": "User sessions query results",
        "query": "SELECT city, COUNT(useraction.apdexCategory) FROM usersession WHERE city IS NOT NULL AND useraction.apdexCategory=\"FRUSTRATED\" AND useraction.application=\"www.easytravel.com\" GROUP BY city ORDER BY count(useraction.apdexCategory) DESC LIMIT 11",
        "type": "PIE_CHART",
        "limit": 50
    }, {
        "name": "Markdown",
        "tileType": "MARKDOWN",
        "configured": true,
        "bounds": {
            "top": 418,
            "left": 912,
            "width": 342,
            "height": 76
        },
        "tileFilter": {},
        "markdown": "Number of \"FRUSTRATED\" user sessions compared to the total of \"FRUSTRATED\" user sessions "
    }, {
        "name": "Markdown",
        "tileType": "MARKDOWN",
        "configured": true,
        "bounds": {
            "top": 418,
            "left": 1254,
            "width": 152,
            "height": 76
        },
        "tileFilter": {},
        "markdown": "# \uD83D\uDE21➡️"
    }, {
        "name": "Markdown",
        "tileType": "MARKDOWN",
        "configured": true,
        "bounds": {
            "top": 532,
            "left": 912,
            "width": 494,
            "height": 38
        },
        "tileFilter": {},
        "markdown": "## Number of user actions per city \uD83D\uDDB1️"
    }, {
        "name": "Markdown",
        "tileType": "MARKDOWN",
        "configured": true,
        "bounds": {
            "top": 0,
            "left": 0,
            "width": 304,
            "height": 114
        },
        "tileFilter": {},
        "markdown": "# easyTravel.com\n## Performance\nApplication's performance summary"
    }, {
        "name": "Markdown",
        "tileType": "MARKDOWN",
        "configured": true,
        "bounds": {
            "top": 494,
            "left": 608,
            "width": 304,
            "height": 76
        },
        "tileFilter": {},
        "markdown": "## KPIs\nSummary of the application's KPIs"
    }, {
        "name": "Markdown",
        "tileType": "MARKDOWN",
        "configured": true,
        "bounds": {
            "top": 38,
            "left": 608,
            "width": 304,
            "height": 76
        },
        "tileFilter": {},
        "markdown": "## Availability\nBased on Synthetic monitors\n"
    }, {
        "name": "Custom chart",
        "tileType": "CUSTOM_CHARTING",
        "configured": true,
        "bounds": {
            "top": 418,
            "left": 0,
            "width": 608,
            "height": 228
        },
        "tileFilter": {},
        "filterConfig": {
            "type": "MIXED",
            "customName": "Action duration for load actions",
            "defaultName": "Custom chart",
            "chartConfig": {
                "legendShown": true,
                "type": "TIMESERIES",
                "series": [{
                    "metric": "builtin:apps.web.actionDuration.load.browser",
                    "aggregation": "AVG",
                    "type": "LINE",
                    "entityType": "APPLICATION",
                    "dimensions": [{
                        "id": "0",
                        "name": "dt.entity.application",
                        "values": [],
                        "entityDimension": true
                    }],
                    "sortAscending": false,
                    "aggregationRate": "TOTAL",
                    "sortColumn": true
                }],
                "resultMetadata": {
                    "APPLICATION-08EBD5603755FA87¦APPLICATION»APPLICATION-08EBD5603755FA87»truebuiltin:apps.web.actionDuration.load.browser|AVG|TOTAL|LINE|APPLICATION": {
                        "lastModified": 1590141994083,
                        "customColor": "#008cdb"
                    }
                }
            },
            "filtersPerEntityType": {
                "APPLICATION": {
                    "SPECIFIC_ENTITIES": ["APPLICATION-08EBD5603755FA87"]
                }
            }
        }
    }, {
        "name": "User Sessions Query",
        "tileType": "DTAQL",
        "configured": true,
        "bounds": {
            "top": 570,
            "left": 912,
            "width": 494,
            "height": 304
        },
        "tileFilter": {},
        "customName": "User sessions query results",
        "query": "SELECT city, SUM(userActionCount) AS \"User actions\" FROM usersession WHERE city IS NOT NULL AND useraction.application=\"www.easytravel.com\" GROUP BY city ORDER BY sum(userActionCount) DESC LIMIT 11",
        "type": "COLUMN_CHART",
        "visualizationConfig": {
            "hasAxisBucketing": true
        },
        "limit": 50
    }, {
        "name": "Custom chart",
        "tileType": "CUSTOM_CHARTING",
        "configured": true,
        "bounds": {
            "top": 646,
            "left": 0,
            "width": 608,
            "height": 228
        },
        "tileFilter": {},
        "filterConfig": {
            "type": "MIXED",
            "customName": "Percentage of user actions affected by errors ❌",
            "defaultName": "Custom chart",
            "chartConfig": {
                "legendShown": false,
                "type": "TIMESERIES",
                "series": [{
                    "metric": "builtin:apps.web.percentageOfUserActionsAffectedByErrors",
                    "aggregation": "NONE",
                    "type": "LINE",
                    "entityType": "APPLICATION",
                    "dimensions": [{
                        "id": "0",
                        "name": "dt.entity.application",
                        "values": [],
                        "entityDimension": true
                    }],
                    "sortAscending": false,
                    "aggregationRate": "TOTAL",
                    "sortColumn": true
                }],
                "resultMetadata": {
                    "APPLICATION-08EBD5603755FA87¦APPLICATION»APPLICATION-08EBD5603755FA87»truebuiltin:apps.web.percentageOfUserActionsAffectedByErrors|NONE|TOTAL|LINE|APPLICATION": {
                        "lastModified": 1590141938154,
                        "customColor": "#ef651f"
                    },
                    "APPLICATION-08EBD5603755FA87¦APPLICATION»APPLICATION-08EBD5603755FA87»truebuiltin:apps.web.actionDuration.load.browser|AVG|TOTAL|LINE|APPLICATION": {
                        "lastModified": 1590141499053,
                        "customColor": "#ffa86c"
                    }
                }
            },
            "filtersPerEntityType": {
                "APPLICATION": {
                    "SPECIFIC_ENTITIES": ["APPLICATION-08EBD5603755FA87"]
                }
            }
        }
    }]
}
