{
    "metadata": {
        "configurationVersions": [3],
        "clusterVersion": "1.194.52.20200526-172811"
    },
    "id" : "_ignore_",
    "dashboardMetadata": {
        "name": "\uD83D\uDCCAService Owner View",
        "shared": false,
        "owner": "__ignore__",
        "sharingDetails": {
            "linkShared": true,
            "published": false
        },
        "dashboardFilter": {
            "timeframe": ""
        }
    },
    "tiles": [{
        "name": "World map",
        "tileType": "APPLICATION_WORLDMAP",
        "configured": true,
        "bounds": {
            "top": 380,
            "left": 0,
            "width": 608,
            "height": 304
        },
        "tileFilter": {},
        "assignedEntities": ["APPLICATION-FDF1A182E95E9E3D"],
        "metric": "APDEX"
    }, {
        "name": "Application health",
        "tileType": "APPLICATIONS",
        "configured": true,
        "bounds": {
            "top": 0,
            "left": 380,
            "width": 304,
            "height": 304
        },
        "tileFilter": {},
        "chartVisible": true
    }, {
        "name": "World map",
        "tileType": "APPLICATION_WORLDMAP",
        "configured": true,
        "bounds": {
            "top": 380,
            "left": 1216,
            "width": 608,
            "height": 304
        },
        "tileFilter": {},
        "assignedEntities": ["APPLICATION-08EBD5603755FA87"],
        "metric": "APDEX"
    }, {
        "name": "World map",
        "tileType": "APPLICATION_WORLDMAP",
        "configured": true,
        "bounds": {
            "top": 380,
            "left": 608,
            "width": 608,
            "height": 304
        },
        "tileFilter": {},
        "assignedEntities": ["APPLICATION-D3DFA46B9F82D751"],
        "metric": "APDEX"
    }, {
        "name": "Key user action",
        "tileType": "DEM_KEY_USER_ACTION",
        "configured": true,
        "bounds": {
            "top": 684,
            "left": 0,
            "width": 304,
            "height": 304
        },
        "tileFilter": {},
        "assignedEntities": ["APPLICATION-FDF1A182E95E9E3D", "APPLICATION_METHOD-53D0366AAE7056E8"]
    }, {
        "name": "Key user action",
        "tileType": "DEM_KEY_USER_ACTION",
        "configured": true,
        "bounds": {
            "top": 684,
            "left": 304,
            "width": 304,
            "height": 304
        },
        "tileFilter": {},
        "assignedEntities": ["APPLICATION-FDF1A182E95E9E3D", "APPLICATION_METHOD-00EA18C9FB3E41B1"]
    }, {
        "name": "Key user action",
        "tileType": "DEM_KEY_USER_ACTION",
        "configured": true,
        "bounds": {
            "top": 684,
            "left": 608,
            "width": 304,
            "height": 304
        },
        "tileFilter": {},
        "assignedEntities": ["APPLICATION-D3DFA46B9F82D751", "APPLICATION_METHOD-A1F66A92F0A307E1"]
    }, {
        "name": "Key user action",
        "tileType": "DEM_KEY_USER_ACTION",
        "configured": true,
        "bounds": {
            "top": 684,
            "left": 912,
            "width": 304,
            "height": 304
        },
        "tileFilter": {},
        "assignedEntities": ["APPLICATION-D3DFA46B9F82D751", "APPLICATION_METHOD-9BC022D5C78B771A"]
    }, {
        "name": "Key user action",
        "tileType": "DEM_KEY_USER_ACTION",
        "configured": true,
        "bounds": {
            "top": 684,
            "left": 1520,
            "width": 304,
            "height": 304
        },
        "tileFilter": {},
        "assignedEntities": ["APPLICATION-08EBD5603755FA87", "APPLICATION_METHOD-3C4374AE46AD2350"]
    }, {
        "name": "Key user action",
        "tileType": "DEM_KEY_USER_ACTION",
        "configured": true,
        "bounds": {
            "top": 684,
            "left": 1216,
            "width": 304,
            "height": 304
        },
        "tileFilter": {},
        "assignedEntities": ["APPLICATION-08EBD5603755FA87", "APPLICATION_METHOD-7BDBE139A3A54771"]
    }, {
        "name": "Custom chart",
        "tileType": "CUSTOM_CHARTING",
        "configured": true,
        "bounds": {
            "top": 0,
            "left": 1026,
            "width": 798,
            "height": 304
        },
        "tileFilter": {}
    }, {
        "name": "Markdown",
        "tileType": "MARKDOWN",
        "configured": true,
        "bounds": {
            "top": 342,
            "left": 0,
            "width": 608,
            "height": 38
        },
        "tileFilter": {},
        "markdown": "## Application 1"
    }, {
        "name": "Markdown",
        "tileType": "MARKDOWN",
        "configured": true,
        "bounds": {
            "top": 342,
            "left": 608,
            "width": 608,
            "height": 38
        },
        "tileFilter": {},
        "markdown": "## Application 2"
    }, {
        "name": "Markdown",
        "tileType": "MARKDOWN",
        "configured": true,
        "bounds": {
            "top": 342,
            "left": 1216,
            "width": 608,
            "height": 38
        },
        "tileFilter": {},
        "markdown": "## Application 3"
    }, {
        "name": "Markdown",
        "tileType": "MARKDOWN",
        "configured": true,
        "bounds": {
            "top": 114,
            "left": 0,
            "width": 380,
            "height": 114
        },
        "tileFilter": {},
        "markdown": "# Application overview ➡️\n"
    }, {
        "name": "Markdown",
        "tileType": "MARKDOWN",
        "configured": true,
        "bounds": {
            "top": 76,
            "left": 722,
            "width": 304,
            "height": 152
        },
        "tileFilter": {},
        "markdown": "##  Action count\nThe amount of actions registered for each application, including non-KPIs"
    }, {
        "name": "Markdown",
        "tileType": "MARKDOWN",
        "configured": true,
        "bounds": {
            "top": 304,
            "left": 798,
            "width": 228,
            "height": 38
        },
        "tileFilter": {},
        "markdown": "## Application KPIs\n"
    }]
}
