{
  "dynatrace": "1",
  "schemaId": "builtin:os.services.monitoring",
  "displayName": "OS service monitoring",
  "description": "Dynatrace provides out-of-the-box availability monitoring of OS services for Windows.\n\nTo monitor the availability of a service, specify the `Service name` and `Display name`. To simplify management in a large-scale environment, adjust settings on the host-group level.",
  "documentation": "",
  "schemaGroups": [
    "group:monitoring"
  ],
  "version": "0.0.8",
  "multiObject": true,
  "ordered": true,
  "maxObjects": 500,
  "allowedScopes": [
    "HOST",
    "HOST_GROUP",
    "environment"
  ],
  "enums": {},
  "types": {},
  "properties": {
    "enabled": {
      "displayName": "Enabled",
      "description": "",
      "documentation": "",
      "type": "boolean",
      "nullable": false,
      "maxObjects": 1,
      "modificationPolicy": "DEFAULT",
      "default": true
    },
    "serviceName": {
      "displayName": "Service name",
      "description": "",
      "documentation": "",
      "type": "text",
      "nullable": false,
      "constraints": [
        {
          "type": "NOT_BLANK"
        },
        {
          "type": "LENGTH",
          "maxLength": 500,
          "minLength": 1
        }
      ],
      "maxObjects": 1,
      "modificationPolicy": "DEFAULT",
      "default": ""
    },
    "displayName": {
      "displayName": "Display name",
      "description": "",
      "documentation": "",
      "type": "text",
      "nullable": false,
      "constraints": [
        {
          "type": "NOT_BLANK"
        },
        {
          "type": "LENGTH",
          "maxLength": 500,
          "minLength": 1
        }
      ],
      "maxObjects": 1,
      "modificationPolicy": "DEFAULT",
      "default": ""
    }
  },
  "constraints": [
    {
      "type": "CUSTOM_VALIDATOR_REF",
      "customMessage": "For monitoring OS services OneAgent with version 1.195+ is required.",
      "customValidatorId": "os-services-sufficient-one-agent-version-validator"
    }
  ],
  "metadata": {
    "minAgentVersion": "1.195",
    "itemDisplayName": "New service",
    "addItemButton": "Add new service"
  }
}
