{
  "dynatrace": "1",
  "schemaId": "builtin:disk.options",
  "displayName": "Disks options",
  "description": "",
  "documentation": "",
  "schemaGroups": [
    "group:preferences"
  ],
  "version": "1.2.1",
  "multiObject": false,
  "maxObjects": 1,
  "allowedScopes": [
    "HOST",
    "HOST_GROUP",
    "environment"
  ],
  "enums": {
    "OsTypeEnum": {
      "displayName": "OsTypeEnum",
      "description": "",
      "documentation": "",
      "items": [
        {
          "value": "OS_TYPE_UNKNOWN",
          "displayName": "Any"
        },
        {
          "value": "OS_TYPE_AIX",
          "displayName": "AIX"
        },
        {
          "value": "OS_TYPE_DARWIN",
          "displayName": "Darwin"
        },
        {
          "value": "OS_TYPE_HPUX",
          "displayName": "HPUX"
        },
        {
          "value": "OS_TYPE_LINUX",
          "displayName": "Linux"
        },
        {
          "value": "OS_TYPE_SOLARIS",
          "displayName": "Solaris"
        },
        {
          "value": "OS_TYPE_WINDOWS",
          "displayName": "Windows"
        },
        {
          "value": "OS_TYPE_ZOS",
          "displayName": "z/OS"
        }
      ],
      "type": "enum"
    }
  },
  "types": {
    "DiskComplex": {
      "version": "0",
      "versionInfo": "",
      "displayName": "DiskComplex",
      "summaryPattern": "Operating system: '{os}', name: '{mountpoint}', file system: '{filesystem}'",
      "description": "",
      "documentation": "",
      "properties": {
        "os": {
          "displayName": "Operating system",
          "description": "",
          "documentation": "",
          "type": {
            "$ref": "#/enums/OsTypeEnum"
          },
          "nullable": false,
          "maxObjects": 1,
          "modificationPolicy": "DEFAULT",
          "default": "OS_TYPE_UNKNOWN"
        },
        "mountpoint": {
          "displayName": "Disk or mount point name",
          "description": "",
          "documentation": "",
          "type": "text",
          "nullable": true,
          "constraints": [
            {
              "type": "LENGTH",
              "maxLength": 500,
              "minLength": 1
            }
          ],
          "maxObjects": 1,
          "modificationPolicy": "DEFAULT"
        },
        "filesystem": {
          "displayName": "File system",
          "description": "",
          "documentation": "",
          "type": "text",
          "nullable": true,
          "constraints": [
            {
              "type": "LENGTH",
              "maxLength": 500,
              "minLength": 1
            }
          ],
          "maxObjects": 1,
          "modificationPolicy": "DEFAULT"
        }
      },
      "type": "object"
    }
  },
  "properties": {
    "nfsShowAll": {
      "displayName": "Show all nfs disks",
      "description": "When disabled OneAgent will try to deduplicate some of nfs disks. Disabled by default, applies only to Linux hosts. Requires OneAgent 1.209 or later",
      "documentation": "",
      "type": "boolean",
      "nullable": false,
      "metadata": {
        "minAgentVersion": "1.209"
      },
      "maxObjects": 1,
      "modificationPolicy": "DEFAULT",
      "default": false
    },
    "exclusions": {
      "displayName": "Exclude disks",
      "description": "OneAgent automatically detects and monitors all your mount points, however you can create exception rules to remove disks from the monitoring list.",
      "documentation": "",
      "type": "list",
      "items": {
        "displayName": "Disk exclusion rule",
        "description": "Create a rule that will be used to disable monitoring of matching disks. Please be aware that rule with default values will disable monitoring of all disks.",
        "documentation": "",
        "type": {
          "$ref": "#/types/DiskComplex"
        }
      },
      "nullable": false,
      "minObjects": 0,
      "maxObjects": 100,
      "modificationPolicy": "DEFAULT"
    }
  }
}
