{
  "dynatrace": "1",
  "schemaId": "builtin:monitoring.slo",
  "displayName": "Service-level objective definitions",
  "description": "Define custom service-level objectives (SLOs) to assist in fulfilling your organization\u2019s service-level agreements. Create up to 10000 custom SLOs for this Dynatrace environment. For details, see [Service-level objectives](https://dt-url.net/slos).",
  "documentation": "",
  "schemaGroups": [
    "group:cloud-automation.monitoring.slo",
    "group:cloud-automation"
  ],
  "version": "5.0.6",
  "multiObject": true,
  "ordered": false,
  "maxObjects": 10000,
  "allowedScopes": [
    "environment"
  ],
  "enums": {
    "SloEvaluationType": {
      "displayName": "SloEvaluationType",
      "description": "",
      "documentation": "",
      "items": [
        {
          "value": "AGGREGATE",
          "displayName": "Aggregate"
        }
      ],
      "type": "enum"
    }
  },
  "types": {
    "FlagDefaultTrue": {
      "version": "0",
      "versionInfo": "",
      "displayName": "FlagDefaultTrue",
      "summaryPattern": "",
      "description": "",
      "documentation": "",
      "properties": {
        "enabled": {
          "displayName": "Enabled",
          "description": "",
          "documentation": "",
          "type": "boolean",
          "nullable": false,
          "maxObjects": 1,
          "modificationPolicy": "DEFAULT",
          "default": true
        }
      },
      "type": "object"
    }
  },
  "properties": {
    "enabled": {
      "displayName": "Enabled",
      "description": "",
      "documentation": "",
      "type": "boolean",
      "nullable": false,
      "maxObjects": 1,
      "modificationPolicy": "DEFAULT",
      "default": true
    },
    "name": {
      "displayName": "SLO name",
      "description": "",
      "documentation": "",
      "type": "text",
      "nullable": false,
      "constraints": [
        {
          "type": "LENGTH",
          "maxLength": 100,
          "minLength": 1
        }
      ],
      "maxObjects": 1,
      "modificationPolicy": "DEFAULT",
      "default": "New SLO"
    },
    "customDescription": {
      "displayName": "Description",
      "description": "Enter a custom description or it leave empty to get it auto-generated",
      "documentation": "",
      "type": "text",
      "nullable": true,
      "constraints": [
        {
          "type": "LENGTH",
          "maxLength": 250,
          "minLength": 1
        }
      ],
      "maxObjects": 1,
      "modificationPolicy": "DEFAULT"
    },
    "metricExpression": {
      "displayName": "Define the metric expression that measures the success rate of this SLO",
      "description": "For details, see the [Metrics page](/ui/metrics \"Metrics page\").",
      "documentation": "",
      "type": "text",
      "subType": "metric",
      "nullable": false,
      "constraints": [
        {
          "type": "CUSTOM_VALIDATOR_REF",
          "customMessage": "Metric selector is invalid.",
          "customValidatorId": "slo-metric-expression-selector-validator"
        },
        {
          "type": "LENGTH",
          "maxLength": 5000,
          "minLength": 1
        },
        {
          "type": "TRIMMED",
          "customMessage": "Leading and trailing whitespaces are not allowed in this metric."
        },
        {
          "type": "CUSTOM_VALIDATOR_REF",
          "customValidatorId": "metric-selector-validator"
        }
      ],
      "maxObjects": 1,
      "modificationPolicy": "DEFAULT",
      "default": ""
    },
    "evaluationType": {
      "displayName": "Evaluation type",
      "description": "Select \"Aggregate\" to have the measurements of this success metric aggregated into a single percentage-rate metric.",
      "documentation": "",
      "type": {
        "$ref": "#/enums/SloEvaluationType"
      },
      "nullable": false,
      "maxObjects": 1,
      "modificationPolicy": "DEFAULT",
      "default": "AGGREGATE"
    },
    "filter": {
      "displayName": "Entity selector",
      "description": "Set a filter parameter (entitySelector) on any GET call to evaluate this SLO against specific services only (for example, type(\"SERVICE\")).  For details, see the [Entity Selector documentation](https://dt-url.net/entityselector).",
      "documentation": "",
      "type": "text",
      "nullable": true,
      "constraints": [
        {
          "type": "LENGTH",
          "maxLength": 1000,
          "minLength": 1
        },
        {
          "type": "CUSTOM_VALIDATOR_REF",
          "customMessage": "Given filter is invalid.",
          "customValidatorId": "slo-entity-selector-validator"
        }
      ],
      "maxObjects": 1,
      "modificationPolicy": "DEFAULT"
    },
    "targetSuccess": {
      "displayName": "Target percentage",
      "description": "Set the target value of the SLO. A percentage below this value indicates a failure.",
      "documentation": "",
      "type": "float",
      "subType": "percentage",
      "nullable": false,
      "constraints": [
        {
          "type": "RANGE",
          "maximum": 100.0,
          "minimum": 0.0
        }
      ],
      "maxObjects": 1,
      "modificationPolicy": "DEFAULT",
      "default": 99.98
    },
    "targetWarning": {
      "displayName": "Warning percentage",
      "description": "Set the warning value of the SLO. At the warning state the SLO is fulfilled. However, it is getting close to a failure.",
      "documentation": "",
      "type": "float",
      "subType": "percentage",
      "nullable": false,
      "constraints": [
        {
          "type": "RANGE",
          "maximum": 100.0,
          "minimum": 0.0
        }
      ],
      "maxObjects": 1,
      "modificationPolicy": "DEFAULT",
      "default": 99.99
    },
    "evaluationWindow": {
      "displayName": "Timeframe during which the SLO is to be evaluated",
      "description": "Define the timeframe during which the SLO is to be evaluated. For the timeframe you can enter expressions like -1h (last hour), -1w (last week) or complex expressions like -2d to now (last two days), -1d/d to now/d (beginning of yesterday to beginning of today).",
      "documentation": "",
      "type": "text",
      "nullable": false,
      "constraints": [
        {
          "type": "LENGTH",
          "maxLength": 50,
          "minLength": 3
        },
        {
          "type": "CUSTOM_VALIDATOR_REF",
          "customMessage": "Given SLO timeframe is invalid.",
          "customValidatorId": "slo-timeframe-validator"
        }
      ],
      "maxObjects": 1,
      "modificationPolicy": "DEFAULT",
      "default": "-1w"
    }
  },
  "constraints": [
    {
      "type": "GREATER_THAN",
      "customMessage": "Warning must be larger than the target",
      "properties": [
        "targetWarning",
        "targetSuccess"
      ]
    }
  ],
  "metadata": {
    "addItemButton": "Add new SLO"
  }
}
