{
    "metadata": {
        "configurationVersions": [3],
        "clusterVersion": "1.195.75.20200604-112740"
    },
    "id": "__ignore__",
    "dashboardMetadata": {
        "name": "\uD83D\uDEE2️Database overview",
        "shared": false,
        "owner": "__ignore__",
        "sharingDetails": {
            "linkShared": true,
            "published": false
        },
        "dashboardFilter": {
            "timeframe": ""
        }
    },
    "tiles": [{
        "name": "Database health",
        "tileType": "DATABASES_OVERVIEW",
        "configured": true,
        "bounds": {
            "top": 76,
            "left": 0,
            "width": 304,
            "height": 304
        },
        "tileFilter": {},
        "chartVisible": true
    }, {
        "name": "Database performance",
        "tileType": "DATABASE",
        "configured": true,
        "bounds": {
            "top": 684,
            "left": 0,
            "width": 304,
            "height": 152
        },
        "tileFilter": {},
        "assignedEntities": ["SERVICE-83B805B605C34607"]
    }, {
        "name": "Database performance",
        "tileType": "DATABASE",
        "configured": true,
        "bounds": {
            "top": 684,
            "left": 304,
            "width": 304,
            "height": 152
        },
        "tileFilter": {},
        "assignedEntities": ["SERVICE-4263DF047454870A"]
    }, {
        "name": "Database performance",
        "tileType": "DATABASE",
        "configured": true,
        "bounds": {
            "top": 684,
            "left": 608,
            "width": 304,
            "height": 152
        },
        "tileFilter": {},
        "assignedEntities": ["SERVICE-20157B93CE47D85A"]
    }, {
        "name": "Database performance",
        "tileType": "DATABASE",
        "configured": true,
        "bounds": {
            "top": 836,
            "left": 0,
            "width": 304,
            "height": 152
        },
        "tileFilter": {},
        "assignedEntities": ["SERVICE-CFF4AC1BC215C6E8"]
    }, {
        "name": "Database performance",
        "tileType": "DATABASE",
        "configured": true,
        "bounds": {
            "top": 836,
            "left": 608,
            "width": 304,
            "height": 152
        },
        "tileFilter": {},
        "assignedEntities": ["SERVICE-5573B24511D86391"]
    }, {
        "name": "Database performance",
        "tileType": "DATABASE",
        "configured": true,
        "bounds": {
            "top": 836,
            "left": 304,
            "width": 304,
            "height": 152
        },
        "tileFilter": {},
        "assignedEntities": ["SERVICE-294460C5CF3B19CB"]
    }, {
        "name": "MySQL",
        "tileType": "HEADER",
        "configured": true,
        "bounds": {
            "top": 646,
            "left": 0,
            "width": 304,
            "height": 38
        },
        "tileFilter": {}
    }, {
        "name": "MongoDB",
        "tileType": "HEADER",
        "configured": true,
        "bounds": {
            "top": 646,
            "left": 304,
            "width": 304,
            "height": 38
        },
        "tileFilter": {}
    }, {
        "name": "PostgreSQL",
        "tileType": "HEADER",
        "configured": true,
        "bounds": {
            "top": 646,
            "left": 608,
            "width": 304,
            "height": 38
        },
        "tileFilter": {}
    }, {
        "name": "Markdown",
        "tileType": "MARKDOWN",
        "configured": true,
        "bounds": {
            "top": 0,
            "left": 0,
            "width": 304,
            "height": 76
        },
        "tileFilter": {},
        "markdown": "# Databases \uD83D\uDEE2️"
    }, {
        "name": "Custom chart",
        "tileType": "CUSTOM_CHARTING",
        "configured": true,
        "bounds": {
            "top": 38,
            "left": 418,
            "width": 304,
            "height": 570
        },
        "tileFilter": {},
        "filterConfig": {
            "type": "MIXED",
            "customName": "Number of calls to databases",
            "defaultName": "Custom chart",
            "chartConfig": {
                "legendShown": true,
                "type": "TOP_LIST",
                "series": [{
                    "metric": "builtin:service.dbChildCallCount",
                    "aggregation": "NONE",
                    "type": "LINE",
                    "entityType": "SERVICE",
                    "dimensions": [{
                        "id": "0",
                        "name": "dt.entity.service",
                        "values": [],
                        "entityDimension": true
                    }],
                    "sortAscending": false,
                    "sortColumn": true,
                    "aggregationRate": "TOTAL"
                }],
                "resultMetadata": {}
            },
            "filtersPerEntityType": {}
        }
    }, {
        "name": "Custom chart",
        "tileType": "CUSTOM_CHARTING",
        "configured": true,
        "bounds": {
            "top": 38,
            "left": 722,
            "width": 304,
            "height": 570
        },
        "tileFilter": {},
        "filterConfig": {
            "type": "MIXED",
            "customName": "Time spent in database calls",
            "defaultName": "Custom chart",
            "chartConfig": {
                "legendShown": true,
                "type": "TOP_LIST",
                "series": [{
                    "metric": "builtin:service.dbChildCallTime",
                    "aggregation": "NONE",
                    "type": "LINE",
                    "entityType": "SERVICE",
                    "dimensions": [{
                        "id": "0",
                        "name": "dt.entity.service",
                        "values": [],
                        "entityDimension": true
                    }],
                    "sortAscending": false,
                    "sortColumn": true,
                    "aggregationRate": "TOTAL"
                }],
                "resultMetadata": {}
            },
            "filtersPerEntityType": {}
        }
    }, {
        "name": "Custom chart",
        "tileType": "CUSTOM_CHARTING",
        "configured": true,
        "bounds": {
            "top": 38,
            "left": 1026,
            "width": 304,
            "height": 570
        },
        "tileFilter": {},
        "filterConfig": {
            "type": "MIXED",
            "customName": "Failed connections to databases",
            "defaultName": "Custom chart",
            "chartConfig": {
                "legendShown": true,
                "type": "TOP_LIST",
                "series": [{
                    "metric": "builtin:service.dbconnections.failure",
                    "aggregation": "NONE",
                    "type": "LINE",
                    "entityType": "SERVICE",
                    "dimensions": [{
                        "id": "0",
                        "name": "dt.entity.service",
                        "values": [],
                        "entityDimension": true
                    }],
                    "sortAscending": false,
                    "sortColumn": true,
                    "aggregationRate": "TOTAL"
                }],
                "resultMetadata": {}
            },
            "filtersPerEntityType": {}
        }
    }, {
        "name": "Failed connections",
        "tileType": "HEADER",
        "configured": true,
        "bounds": {
            "top": 0,
            "left": 1026,
            "width": 304,
            "height": 38
        },
        "tileFilter": {}
    }, {
        "name": "Database calls",
        "tileType": "HEADER",
        "configured": true,
        "bounds": {
            "top": 0,
            "left": 418,
            "width": 304,
            "height": 38
        },
        "tileFilter": {}
    }, {
        "name": "Time spent",
        "tileType": "HEADER",
        "configured": true,
        "bounds": {
            "top": 0,
            "left": 722,
            "width": 304,
            "height": 38
        },
        "tileFilter": {}
    }, {
        "name": "Database performance",
        "tileType": "DATABASE",
        "configured": true,
        "bounds": {
            "top": 684,
            "left": 912,
            "width": 304,
            "height": 152
        },
        "tileFilter": {},
        "assignedEntities": ["SERVICE-20157B93CE47D85A"]
    }, {
        "name": "Database performance",
        "tileType": "DATABASE",
        "configured": true,
        "bounds": {
            "top": 836,
            "left": 912,
            "width": 304,
            "height": 152
        },
        "tileFilter": {},
        "assignedEntities": ["SERVICE-5573B24511D86391"]
    }, {
        "name": "DB2",
        "tileType": "HEADER",
        "configured": true,
        "bounds": {
            "top": 646,
            "left": 912,
            "width": 304,
            "height": 38
        },
        "tileFilter": {}
    }, {
        "name": "Database performance",
        "tileType": "DATABASE",
        "configured": true,
        "bounds": {
            "top": 684,
            "left": 1216,
            "width": 304,
            "height": 152
        },
        "tileFilter": {},
        "assignedEntities": ["SERVICE-20157B93CE47D85A"]
    }, {
        "name": "Database performance",
        "tileType": "DATABASE",
        "configured": true,
        "bounds": {
            "top": 836,
            "left": 1216,
            "width": 304,
            "height": 152
        },
        "tileFilter": {},
        "assignedEntities": ["SERVICE-5573B24511D86391"]
    }, {
        "name": "Others",
        "tileType": "HEADER",
        "configured": true,
        "bounds": {
            "top": 646,
            "left": 1216,
            "width": 304,
            "height": 38
        },
        "tileFilter": {}
    }]
}
