{
    "metadata": {
        "configurationVersions": [3],
        "clusterVersion": "1.194.52.20200526-172811"
    },
    "id": "__ignore__",
    "dashboardMetadata": {
        "name": "\uD83D\uDCC8Service Owner View 2",
        "shared": false,
        "owner": "__ignore__",
        "sharingDetails": {
            "linkShared": true,
            "published": false
        },
        "dashboardFilter": {
            "timeframe": ""
        }
    },
    "tiles": [{
        "name": "Markdown",
        "tileType": "MARKDOWN",
        "configured": true,
        "bounds": {
            "top": 342,
            "left": 190,
            "width": 228,
            "height": 76
        },
        "tileFilter": {},
        "markdown": "# Application 1"
    }, {
        "name": "Markdown",
        "tileType": "MARKDOWN",
        "configured": true,
        "bounds": {
            "top": 342,
            "left": 836,
            "width": 228,
            "height": 76
        },
        "tileFilter": {},
        "markdown": "# Application 2"
    }, {
        "name": "Markdown",
        "tileType": "MARKDOWN",
        "configured": true,
        "bounds": {
            "top": 342,
            "left": 1482,
            "width": 228,
            "height": 76
        },
        "tileFilter": {},
        "markdown": "# Application 3"
    }, {
        "name": "Top web applications",
        "tileType": "APPLICATIONS_MOST_ACTIVE",
        "configured": true,
        "bounds": {
            "top": 38,
            "left": 760,
            "width": 304,
            "height": 304
        },
        "tileFilter": {}
    }, {
        "name": "Application health",
        "tileType": "APPLICATIONS",
        "configured": true,
        "bounds": {
            "top": 38,
            "left": 418,
            "width": 304,
            "height": 304
        },
        "tileFilter": {},
        "chartVisible": true
    }, {
        "name": "Markdown",
        "tileType": "MARKDOWN",
        "configured": true,
        "bounds": {
            "top": 76,
            "left": 0,
            "width": 380,
            "height": 114
        },
        "tileFilter": {},
        "markdown": "# Application overview ➡️"
    }, {
        "name": "Live user activity",
        "tileType": "UEM_ACTIVE_SESSIONS",
        "configured": true,
        "bounds": {
            "top": 38,
            "left": 1102,
            "width": 304,
            "height": 304
        },
        "tileFilter": {}
    }, {
        "name": "Markdown",
        "tileType": "MARKDOWN",
        "configured": true,
        "bounds": {
            "top": 0,
            "left": 494,
            "width": 152,
            "height": 38
        },
        "tileFilter": {},
        "markdown": "Application health "
    }, {
        "name": "Markdown",
        "tileType": "MARKDOWN",
        "configured": true,
        "bounds": {
            "top": 0,
            "left": 836,
            "width": 152,
            "height": 38
        },
        "tileFilter": {},
        "markdown": "Top web apps "
    }, {
        "name": "Markdown",
        "tileType": "MARKDOWN",
        "configured": true,
        "bounds": {
            "top": 0,
            "left": 1482,
            "width": 228,
            "height": 38
        },
        "tileFilter": {},
        "markdown": "Active sessions (worldwide)"
    }, {
        "name": "World map",
        "tileType": "APPLICATION_WORLDMAP",
        "configured": true,
        "bounds": {
            "top": 38,
            "left": 1444,
            "width": 304,
            "height": 304
        },
        "tileFilter": {},
        "assignedEntities": ["APPLICATION-08EBD5603755FA87"],
        "metric": "SESSION_SESSIONS"
    }, {
        "name": "Markdown",
        "tileType": "MARKDOWN",
        "configured": true,
        "bounds": {
            "top": 0,
            "left": 1178,
            "width": 152,
            "height": 38
        },
        "tileFilter": {},
        "markdown": "Live user activity"
    }, {
        "name": "Custom chart",
        "tileType": "CUSTOM_CHARTING",
        "configured": true,
        "bounds": {
            "top": 418,
            "left": 0,
            "width": 304,
            "height": 304
        },
        "tileFilter": {},
        "filterConfig": {
            "type": "MIXED",
            "customName": "Active users",
            "defaultName": "Custom chart",
            "chartConfig": {
                "legendShown": true,
                "type": "SINGLE_VALUE",
                "series": [{
                    "metric": "builtin:apps.web.activeUsersEst",
                    "aggregation": "NONE",
                    "type": "LINE",
                    "entityType": "APPLICATION",
                    "dimensions": [{
                        "id": "0",
                        "name": "dt.entity.application",
                        "values": [],
                        "entityDimension": true
                    }],
                    "sortAscending": false,
                    "aggregationRate": "TOTAL",
                    "sortColumn": true
                }],
                "resultMetadata": {
                    "APPLICATION-08EBD5603755FA87¦APPLICATION»APPLICATION-08EBD5603755FA87»truebuiltin:apps.web.activeUsersEst|NONE|TOTAL|LINE|APPLICATION": {
                        "lastModified": 1591716132248,
                        "customColor": "#a972cc"
                    }
                }
            },
            "filtersPerEntityType": {
                "APPLICATION": {
                    "SPECIFIC_ENTITIES": ["APPLICATION-08EBD5603755FA87"]
                }
            }
        }
    }, {
        "name": "Custom chart",
        "tileType": "CUSTOM_CHARTING",
        "configured": true,
        "bounds": {
            "top": 418,
            "left": 646,
            "width": 304,
            "height": 304
        },
        "tileFilter": {},
        "filterConfig": {
            "type": "MIXED",
            "customName": "Active users",
            "defaultName": "Custom chart",
            "chartConfig": {
                "legendShown": true,
                "type": "SINGLE_VALUE",
                "series": [{
                    "metric": "builtin:apps.web.activeUsersEst",
                    "aggregation": "NONE",
                    "type": "LINE",
                    "entityType": "APPLICATION",
                    "dimensions": [{
                        "id": "0",
                        "name": "dt.entity.application",
                        "values": [],
                        "entityDimension": true
                    }],
                    "sortAscending": false,
                    "aggregationRate": "TOTAL",
                    "sortColumn": true
                }],
                "resultMetadata": {
                    "APPLICATION-91A869F0065D216E¦APPLICATION»APPLICATION-91A869F0065D216E»truebuiltin:apps.web.activeUsersEst|NONE|TOTAL|LINE|APPLICATION": {
                        "lastModified": 1591716366687,
                        "customColor": "#a972cc"
                    },
                    "APPLICATION-08EBD5603755FA87¦APPLICATION»APPLICATION-08EBD5603755FA87»truebuiltin:apps.web.activeUsersEst|NONE|TOTAL|LINE|APPLICATION": {
                        "lastModified": 1591716132248,
                        "customColor": "#a972cc"
                    }
                }
            },
            "filtersPerEntityType": {
                "APPLICATION": {
                    "SPECIFIC_ENTITIES": ["APPLICATION-91A869F0065D216E"]
                }
            }
        }
    }, {
        "name": "Custom chart",
        "tileType": "CUSTOM_CHARTING",
        "configured": true,
        "bounds": {
            "top": 418,
            "left": 1292,
            "width": 304,
            "height": 304
        },
        "tileFilter": {},
        "filterConfig": {
            "type": "MIXED",
            "customName": "Active users",
            "defaultName": "Custom chart",
            "chartConfig": {
                "legendShown": true,
                "type": "SINGLE_VALUE",
                "series": [{
                    "metric": "builtin:apps.web.activeUsersEst",
                    "aggregation": "NONE",
                    "type": "LINE",
                    "entityType": "APPLICATION",
                    "dimensions": [{
                        "id": "0",
                        "name": "dt.entity.application",
                        "values": [],
                        "entityDimension": true
                    }],
                    "sortAscending": false,
                    "aggregationRate": "TOTAL",
                    "sortColumn": true
                }],
                "resultMetadata": {
                    "APPLICATION-EE89B185DD2C8C23¦APPLICATION»APPLICATION-EE89B185DD2C8C23»truebuiltin:apps.web.activeUsersEst|NONE|TOTAL|LINE|APPLICATION": {
                        "lastModified": 1591716405118,
                        "customColor": "#a972cc"
                    },
                    "APPLICATION-91A869F0065D216E¦APPLICATION»APPLICATION-91A869F0065D216E»truebuiltin:apps.web.activeUsersEst|NONE|TOTAL|LINE|APPLICATION": {
                        "lastModified": 1591716178392,
                        "customColor": "#008cdb"
                    },
                    "APPLICATION-08EBD5603755FA87¦APPLICATION»APPLICATION-08EBD5603755FA87»truebuiltin:apps.web.activeUsersEst|NONE|TOTAL|LINE|APPLICATION": {
                        "lastModified": 1591716132248,
                        "customColor": "#a972cc"
                    }
                }
            },
            "filtersPerEntityType": {
                "APPLICATION": {
                    "SPECIFIC_ENTITIES": ["APPLICATION-EE89B185DD2C8C23"]
                }
            }
        }
    }, {
        "name": "User behavior",
        "tileType": "SESSION_METRICS",
        "configured": true,
        "bounds": {
            "top": 418,
            "left": 304,
            "width": 304,
            "height": 304
        },
        "tileFilter": {},
        "assignedEntities": ["APPLICATION-08EBD5603755FA87"]
    }, {
        "name": "User behavior",
        "tileType": "SESSION_METRICS",
        "configured": true,
        "bounds": {
            "top": 418,
            "left": 950,
            "width": 304,
            "height": 304
        },
        "tileFilter": {},
        "assignedEntities": ["APPLICATION-91A869F0065D216E"]
    }, {
        "name": "User behavior",
        "tileType": "SESSION_METRICS",
        "configured": true,
        "bounds": {
            "top": 418,
            "left": 1596,
            "width": 304,
            "height": 304
        },
        "tileFilter": {},
        "assignedEntities": ["APPLICATION-EE89B185DD2C8C23"]
    }, {
        "name": "Custom chart",
        "tileType": "CUSTOM_CHARTING",
        "configured": true,
        "bounds": {
            "top": 722,
            "left": 0,
            "width": 1900,
            "height": 304
        },
        "tileFilter": {
            "timeframe": "-7d to now"
        },
        "filterConfig": {
            "type": "MIXED",
            "customName": "Active users (last week)",
            "defaultName": "Custom chart",
            "chartConfig": {
                "legendShown": true,
                "type": "TIMESERIES",
                "series": [{
                    "metric": "builtin:apps.web.activeUsersEst",
                    "aggregation": "NONE",
                    "type": "LINE",
                    "entityType": "APPLICATION",
                    "dimensions": [{
                        "id": "0",
                        "name": "dt.entity.application",
                        "values": [],
                        "entityDimension": true
                    }],
                    "sortAscending": false,
                    "aggregationRate": "TOTAL",
                    "sortColumn": true
                }],
                "resultMetadata": {}
            },
            "filtersPerEntityType": {}
        }
    }]
}