{
    "metadata": {
        "configurationVersions": [3],
        "clusterVersion": "1.194.52.20200526-172811"
    },
    "id": "__ignore__",
    "dashboardMetadata": {
        "name": "\uD83D\uDD18Citrix overview",
        "shared": false,
        "owner": "__ignore__",
        "sharingDetails": {
            "linkShared": true,
            "published": false
        },
        "dashboardFilter": {
            "timeframe": ""
        }
    },
    "tiles": [{
        "name": "Host health",
        "tileType": "HOSTS",
        "configured": true,
        "bounds": {
            "top": 114,
            "left": 0,
            "width": 304,
            "height": 304
        },
        "tileFilter": {},
        "chartVisible": true
    }, {
        "name": "Markdown",
        "tileType": "MARKDOWN",
        "configured": true,
        "bounds": {
            "top": 0,
            "left": 0,
            "width": 304,
            "height": 114
        },
        "tileFilter": {},
        "markdown": "# Citrix overview\n\n(restrict to the citrix Management Zone)"
    }, {
        "name": "Custom application",
        "tileType": "CUSTOM_APPLICATION",
        "configured": true,
        "bounds": {
            "top": 494,
            "left": 0,
            "width": 304,
            "height": 152
        },
        "tileFilter": {},
        "assignedEntities": ["CUSTOM_APPLICATION-101B0A5C56A4421E"]
    }, {
        "name": "Network metrics",
        "tileType": "NETWORK",
        "configured": true,
        "bounds": {
            "top": 114,
            "left": 304,
            "width": 304,
            "height": 304
        },
        "tileFilter": {}
    }, {
        "name": "Custom chart",
        "tileType": "CUSTOM_CHARTING",
        "configured": true,
        "bounds": {
            "top": 76,
            "left": 760,
            "width": 684,
            "height": 266
        },
        "tileFilter": {},
        "filterConfig": {
            "type": "MIXED",
            "customName": "Latency over time",
            "defaultName": "Custom chart",
            "chartConfig": {
                "legendShown": false,
                "type": "TIMESERIES",
                "series": [{
                    "metric": "ext:tech.Citrix.citrix_latency",
                    "aggregation": "AVG",
                    "type": "LINE",
                    "entityType": "HOST",
                    "dimensions": [],
                    "sortAscending": false,
                    "aggregationRate": "TOTAL",
                    "sortColumn": true
                }],
                "resultMetadata": {
                    "nullext:tech.Citrix.active_sessions|MAX|TOTAL|LINE|HOST": {
                        "lastModified": 1590674351076,
                        "customColor": "#ffa86c"
                    }
                }
            },
            "filtersPerEntityType": {}
        }
    }, {
        "name": "Custom chart",
        "tileType": "CUSTOM_CHARTING",
        "configured": true,
        "bounds": {
            "top": 76,
            "left": 1444,
            "width": 342,
            "height": 532
        },
        "tileFilter": {},
        "filterConfig": {
            "type": "MIXED",
            "customName": "Latency by host",
            "defaultName": "Custom chart",
            "chartConfig": {
                "legendShown": true,
                "type": "TOP_LIST",
                "series": [{
                    "metric": "ext:tech.Citrix.citrix_latency",
                    "aggregation": "AVG",
                    "type": "LINE",
                    "entityType": "HOST",
                    "dimensions": [{
                        "id": "0",
                        "name": "dt.entity.host",
                        "values": [],
                        "entityDimension": true
                    }],
                    "sortAscending": false,
                    "aggregationRate": "TOTAL",
                    "sortColumn": true
                }],
                "resultMetadata": {
                    "nullext:tech.Citrix.active_sessions|MAX|TOTAL|LINE|HOST": {
                        "lastModified": 1590674351076,
                        "customColor": "#ffa86c"
                    }
                }
            },
            "filtersPerEntityType": {}
        }
    }, {
        "name": "Custom chart",
        "tileType": "CUSTOM_CHARTING",
        "configured": true,
        "bounds": {
            "top": 342,
            "left": 760,
            "width": 684,
            "height": 266
        },
        "tileFilter": {},
        "filterConfig": {
            "type": "MIXED",
            "customName": "Get ICA file",
            "defaultName": "Custom chart",
            "chartConfig": {
                "legendShown": true,
                "type": "TIMESERIES",
                "series": [{
                    "metric": "ext:tech.Citrix.citrix_receiver_get_ica",
                    "aggregation": "AVG",
                    "type": "LINE",
                    "entityType": "HOST",
                    "dimensions": [],
                    "sortAscending": false,
                    "aggregationRate": "TOTAL",
                    "sortColumn": true
                }],
                "resultMetadata": {
                    "nullext:tech.Citrix.active_sessions|MAX|TOTAL|LINE|HOST": {
                        "lastModified": 1590674351076,
                        "customColor": "#ffa86c"
                    }
                }
            },
            "filtersPerEntityType": {}
        }
    }, {
        "name": "Custom chart",
        "tileType": "CUSTOM_CHARTING",
        "configured": true,
        "bounds": {
            "top": 684,
            "left": 0,
            "width": 1786,
            "height": 266
        },
        "tileFilter": {
            "timeframe": "-30d to now"
        },
        "filterConfig": {
            "type": "MIXED",
            "customName": "Active sessions vs Open sessions",
            "defaultName": "Custom chart",
            "chartConfig": {
                "legendShown": true,
                "type": "TIMESERIES",
                "series": [{
                    "metric": "ext:tech.Citrix.total_sessions",
                    "aggregation": "AVG",
                    "type": "LINE",
                    "entityType": "HOST",
                    "dimensions": [],
                    "sortAscending": false,
                    "aggregationRate": "TOTAL",
                    "sortColumn": false
                }, {
                    "metric": "ext:tech.Citrix.active_sessions",
                    "aggregation": "AVG",
                    "type": "LINE",
                    "entityType": "HOST",
                    "dimensions": [],
                    "sortAscending": false,
                    "aggregationRate": "TOTAL",
                    "sortColumn": true
                }],
                "resultMetadata": {
                    "nullext:tech.Citrix.active_sessions|MAX|TOTAL|LINE|HOST": {
                        "lastModified": 1590674351076,
                        "customColor": "#ffa86c"
                    }
                }
            },
            "filtersPerEntityType": {}
        }
    }, {
        "name": "Markdown",
        "tileType": "MARKDOWN",
        "configured": true,
        "bounds": {
            "top": 418,
            "left": 0,
            "width": 418,
            "height": 76
        },
        "tileFilter": {},
        "markdown": "# Citrix usage"
    }, {
        "name": "Markdown",
        "tileType": "MARKDOWN",
        "configured": true,
        "bounds": {
            "top": 0,
            "left": 760,
            "width": 722,
            "height": 76
        },
        "tileFilter": {},
        "markdown": "# Performance metrics"
    }, {
        "name": "Markdown",
        "tileType": "MARKDOWN",
        "configured": true,
        "bounds": {
            "top": 646,
            "left": 0,
            "width": 380,
            "height": 38
        },
        "tileFilter": {},
        "markdown": "## Open sessions vs Active Sessions"
    }, {
        "name": "Custom chart",
        "tileType": "CUSTOM_CHARTING",
        "configured": true,
        "bounds": {
            "top": 494,
            "left": 304,
            "width": 304,
            "height": 152
        },
        "tileFilter": {},
        "filterConfig": {
            "type": "MIXED",
            "customName": "Login attempts",
            "defaultName": "Custom chart",
            "chartConfig": {
                "legendShown": true,
                "type": "SINGLE_VALUE",
                "series": [{
                    "metric": "ext:tech.Citrix.citrix_receiver_login_attempts",
                    "aggregation": "COUNT",
                    "type": "LINE",
                    "entityType": "HOST",
                    "dimensions": [],
                    "sortAscending": false,
                    "aggregationRate": "TOTAL",
                    "sortColumn": true
                }],
                "resultMetadata": {
                    "nullext:tech.Citrix.active_sessions|MAX|TOTAL|LINE|HOST": {
                        "lastModified": 1590674351076,
                        "customColor": "#ffa86c"
                    }
                }
            },
            "filtersPerEntityType": {}
        }
    }]
}
