{
    "metadata": {
        "configurationVersions": [3],
        "clusterVersion": "1.194.52.20200526-172811"
    },
    "id": "_ignore_",
    "dashboardMetadata": {
        "name": "☕Java application",
        "shared": false,
        "owner": "__ignore__",
        "sharingDetails": {
            "linkShared": true,
            "published": false
        },
        "dashboardFilter": {
            "timeframe": ""
        }
    },
    "tiles": [{
        "name": "Service or request",
        "tileType": "SERVICE_VERSATILE",
        "configured": true,
        "bounds": {
            "top": 76,
            "left": 342,
            "width": 304,
            "height": 304
        },
        "tileFilter": {},
        "assignedEntities": ["SERVICE-84977E8DCF605164"]
    }, {
        "name": "Markdown",
        "tileType": "MARKDOWN",
        "configured": true,
        "bounds": {
            "top": 0,
            "left": 342,
            "width": 304,
            "height": 76
        },
        "tileFilter": {},
        "markdown": "## Service 1"
    }, {
        "name": "Custom chart",
        "tileType": "CUSTOM_CHARTING",
        "configured": true,
        "bounds": {
            "top": 532,
            "left": 0,
            "width": 646,
            "height": 304
        },
        "tileFilter": {},
        "filterConfig": {
            "type": "MIXED",
            "customName": "Garbage collection time",
            "defaultName": "Custom chart",
            "chartConfig": {
                "legendShown": true,
                "type": "TIMESERIES",
                "series": [{
                    "metric": "builtin:tech.jvm.memory.pool.collectionTime",
                    "aggregation": "NONE",
                    "type": "BAR",
                    "entityType": "PROCESS_GROUP_INSTANCE",
                    "dimensions": [{
                        "id": "0",
                        "name": "dt.entity.process_group_instance",
                        "values": [],
                        "entityDimension": true
                    }],
                    "sortAscending": false,
                    "aggregationRate": "TOTAL",
                    "sortColumn": true
                }],
                "resultMetadata": {
                    "PROCESS_GROUP_INSTANCE-00C73015F40F6DAF¦PROCESS_GROUP_INSTANCE»PROCESS_GROUP_INSTANCE-00C73015F40F6DAF»truebuiltin:tech.jvm.memory.pool.collectionTime|NONE|TOTAL|BAR|PROCESS_GROUP_INSTANCE": {
                        "lastModified": 1590150572644,
                        "customColor": "#ffa86c"
                    },
                    "PROCESS_GROUP_INSTANCE-E825FB2F3444DC61¦PROCESS_GROUP_INSTANCE»PROCESS_GROUP_INSTANCE-E825FB2F3444DC61»truebuiltin:tech.jvm.memory.pool.collectionTime|NONE|TOTAL|BAR|PROCESS_GROUP_INSTANCE": {
                        "lastModified": 1590150569604,
                        "customColor": "#2ab6f4"
                    },
                    "PROCESS_GROUP_INSTANCE-4E5F706E76F9A654¦PROCESS_GROUP_INSTANCE»PROCESS_GROUP_INSTANCE-4E5F706E76F9A654»truebuiltin:tech.jvm.memory.pool.collectionTime|NONE|TOTAL|BAR|PROCESS_GROUP_INSTANCE": {
                        "lastModified": 1590150571114,
                        "customColor": "#f5d30f"
                    }
                }
            },
            "filtersPerEntityType": {
                "PROCESS_GROUP_INSTANCE": {
                    "SPECIFIC_ENTITIES": ["PROCESS_GROUP_INSTANCE-4E5F706E76F9A654", "PROCESS_GROUP_INSTANCE-00C73015F40F6DAF", "PROCESS_GROUP_INSTANCE-F07CB3935F99384B", "PROCESS_GROUP_INSTANCE-E825FB2F3444DC61"]
                }
            }
        }
    }, {
        "name": "Markdown",
        "tileType": "MARKDOWN",
        "configured": true,
        "bounds": {
            "top": 0,
            "left": 646,
            "width": 304,
            "height": 76
        },
        "tileFilter": {},
        "markdown": "## Service 2"
    }, {
        "name": "Markdown",
        "tileType": "MARKDOWN",
        "configured": true,
        "bounds": {
            "top": 0,
            "left": 950,
            "width": 304,
            "height": 76
        },
        "tileFilter": {},
        "markdown": "## Service 3"
    }, {
        "name": "Service or request",
        "tileType": "SERVICE_VERSATILE",
        "configured": true,
        "bounds": {
            "top": 76,
            "left": 950,
            "width": 304,
            "height": 304
        },
        "tileFilter": {},
        "assignedEntities": ["SERVICE-84CB13CAF2432165"]
    }, {
        "name": "Service or request",
        "tileType": "SERVICE_VERSATILE",
        "configured": true,
        "bounds": {
            "top": 76,
            "left": 646,
            "width": 304,
            "height": 304
        },
        "tileFilter": {},
        "assignedEntities": ["SERVICE-5B8C9DFD845E5B26"]
    }, {
        "name": "Garbage collection time",
        "tileType": "HEADER",
        "configured": true,
        "bounds": {
            "top": 494,
            "left": 0,
            "width": 646,
            "height": 38
        },
        "tileFilter": {}
    }, {
        "name": "Custom chart",
        "tileType": "CUSTOM_CHARTING",
        "configured": true,
        "bounds": {
            "top": 532,
            "left": 646,
            "width": 646,
            "height": 304
        },
        "tileFilter": {},
        "filterConfig": {
            "type": "MIXED",
            "customName": "JVM thread count",
            "defaultName": "Custom chart",
            "chartConfig": {
                "legendShown": true,
                "type": "TIMESERIES",
                "series": [{
                    "metric": "builtin:tech.jvm.threads.count",
                    "aggregation": "AVG",
                    "type": "LINE",
                    "entityType": "PROCESS_GROUP_INSTANCE",
                    "dimensions": [{
                        "id": "0",
                        "name": "dt.entity.process_group_instance",
                        "values": [],
                        "entityDimension": true
                    }],
                    "sortAscending": false,
                    "aggregationRate": "TOTAL",
                    "sortColumn": true
                }],
                "resultMetadata": {
                    "PROCESS_GROUP_INSTANCE-4E5F706E76F9A654¦PROCESS_GROUP_INSTANCE»PROCESS_GROUP_INSTANCE-4E5F706E76F9A654»truebuiltin:tech.jvm.threads.count|AVG|TOTAL|LINE|PROCESS_GROUP_INSTANCE": {
                        "lastModified": 1590150934282,
                        "customColor": "#2ab6f4"
                    },
                    "PROCESS_GROUP_INSTANCE-00C73015F40F6DAF¦PROCESS_GROUP_INSTANCE»PROCESS_GROUP_INSTANCE-00C73015F40F6DAF»truebuiltin:tech.jvm.memory.pool.collectionTime|NONE|TOTAL|BAR|PROCESS_GROUP_INSTANCE": {
                        "lastModified": 1590150572644,
                        "customColor": "#ffa86c"
                    },
                    "PROCESS_GROUP_INSTANCE-E825FB2F3444DC61¦PROCESS_GROUP_INSTANCE»PROCESS_GROUP_INSTANCE-E825FB2F3444DC61»truebuiltin:tech.jvm.threads.count|AVG|TOTAL|LINE|PROCESS_GROUP_INSTANCE": {
                        "lastModified": 1590150932768,
                        "customColor": "#f5d30f"
                    },
                    "PROCESS_GROUP_INSTANCE-F07CB3935F99384B¦PROCESS_GROUP_INSTANCE»PROCESS_GROUP_INSTANCE-F07CB3935F99384B»truebuiltin:tech.jvm.threads.count|AVG|TOTAL|LINE|PROCESS_GROUP_INSTANCE": {
                        "lastModified": 1590150935734,
                        "customColor": "#a972cc"
                    },
                    "PROCESS_GROUP_INSTANCE-00C73015F40F6DAF¦PROCESS_GROUP_INSTANCE»PROCESS_GROUP_INSTANCE-00C73015F40F6DAF»truebuiltin:tech.jvm.threads.count|AVG|TOTAL|LINE|PROCESS_GROUP_INSTANCE": {
                        "lastModified": 1590150931369,
                        "customColor": "#ffa86c"
                    },
                    "PROCESS_GROUP_INSTANCE-E825FB2F3444DC61¦PROCESS_GROUP_INSTANCE»PROCESS_GROUP_INSTANCE-E825FB2F3444DC61»truebuiltin:tech.jvm.memory.pool.collectionTime|NONE|TOTAL|BAR|PROCESS_GROUP_INSTANCE": {
                        "lastModified": 1590150569604,
                        "customColor": "#2ab6f4"
                    },
                    "PROCESS_GROUP_INSTANCE-4E5F706E76F9A654¦PROCESS_GROUP_INSTANCE»PROCESS_GROUP_INSTANCE-4E5F706E76F9A654»truebuiltin:tech.jvm.memory.pool.collectionTime|NONE|TOTAL|BAR|PROCESS_GROUP_INSTANCE": {
                        "lastModified": 1590150571114,
                        "customColor": "#f5d30f"
                    }
                }
            },
            "filtersPerEntityType": {
                "PROCESS_GROUP_INSTANCE": {
                    "SPECIFIC_ENTITIES": ["PROCESS_GROUP_INSTANCE-4E5F706E76F9A654", "PROCESS_GROUP_INSTANCE-00C73015F40F6DAF", "PROCESS_GROUP_INSTANCE-F07CB3935F99384B", "PROCESS_GROUP_INSTANCE-E825FB2F3444DC61"]
                }
            }
        }
    }, {
        "name": "Markdown",
        "tileType": "MARKDOWN",
        "configured": true,
        "bounds": {
            "top": 418,
            "left": 0,
            "width": 1938,
            "height": 76
        },
        "tileFilter": {},
        "markdown": "# Java processes metrics"
    }, {
        "name": "JVM thread count",
        "tileType": "HEADER",
        "configured": true,
        "bounds": {
            "top": 494,
            "left": 646,
            "width": 646,
            "height": 38
        },
        "tileFilter": {}
    }, {
        "name": "JVM runtime memory",
        "tileType": "HEADER",
        "configured": true,
        "bounds": {
            "top": 494,
            "left": 1292,
            "width": 646,
            "height": 38
        },
        "tileFilter": {}
    }, {
        "name": "Custom chart",
        "tileType": "CUSTOM_CHARTING",
        "configured": true,
        "bounds": {
            "top": 532,
            "left": 1292,
            "width": 646,
            "height": 304
        },
        "tileFilter": {},
        "filterConfig": {
            "type": "MIXED",
            "customName": "JVM runtime free memory",
            "defaultName": "Custom chart",
            "chartConfig": {
                "legendShown": true,
                "type": "TIMESERIES",
                "series": [{
                    "metric": "builtin:tech.jvm.memory.runtime.free",
                    "aggregation": "MIN",
                    "type": "LINE",
                    "entityType": "PROCESS_GROUP_INSTANCE",
                    "dimensions": [{
                        "id": "0",
                        "name": "dt.entity.process_group_instance",
                        "values": [],
                        "entityDimension": true
                    }],
                    "sortAscending": false,
                    "aggregationRate": "TOTAL",
                    "sortColumn": true
                }],
                "resultMetadata": {
                    "PROCESS_GROUP_INSTANCE-4E5F706E76F9A654¦PROCESS_GROUP_INSTANCE»PROCESS_GROUP_INSTANCE-4E5F706E76F9A654»truebuiltin:tech.jvm.threads.count|AVG|TOTAL|LINE|PROCESS_GROUP_INSTANCE": {
                        "lastModified": 1590150934282,
                        "customColor": "#2ab6f4"
                    },
                    "PROCESS_GROUP_INSTANCE-00C73015F40F6DAF¦PROCESS_GROUP_INSTANCE»PROCESS_GROUP_INSTANCE-00C73015F40F6DAF»truebuiltin:tech.jvm.memory.pool.collectionTime|NONE|TOTAL|BAR|PROCESS_GROUP_INSTANCE": {
                        "lastModified": 1590150572644,
                        "customColor": "#ffa86c"
                    },
                    "PROCESS_GROUP_INSTANCE-E825FB2F3444DC61¦PROCESS_GROUP_INSTANCE»PROCESS_GROUP_INSTANCE-E825FB2F3444DC61»truebuiltin:tech.jvm.threads.count|AVG|TOTAL|LINE|PROCESS_GROUP_INSTANCE": {
                        "lastModified": 1590150932768,
                        "customColor": "#f5d30f"
                    },
                    "PROCESS_GROUP_INSTANCE-F07CB3935F99384B¦PROCESS_GROUP_INSTANCE»PROCESS_GROUP_INSTANCE-F07CB3935F99384B»truebuiltin:tech.jvm.threads.count|AVG|TOTAL|LINE|PROCESS_GROUP_INSTANCE": {
                        "lastModified": 1590150935734,
                        "customColor": "#a972cc"
                    },
                    "PROCESS_GROUP_INSTANCE-00C73015F40F6DAF¦PROCESS_GROUP_INSTANCE»PROCESS_GROUP_INSTANCE-00C73015F40F6DAF»truebuiltin:tech.jvm.threads.count|AVG|TOTAL|LINE|PROCESS_GROUP_INSTANCE": {
                        "lastModified": 1590150931369,
                        "customColor": "#ffa86c"
                    },
                    "PROCESS_GROUP_INSTANCE-E825FB2F3444DC61¦PROCESS_GROUP_INSTANCE»PROCESS_GROUP_INSTANCE-E825FB2F3444DC61»truebuiltin:tech.jvm.memory.pool.collectionTime|NONE|TOTAL|BAR|PROCESS_GROUP_INSTANCE": {
                        "lastModified": 1590150569604,
                        "customColor": "#2ab6f4"
                    },
                    "PROCESS_GROUP_INSTANCE-4E5F706E76F9A654¦PROCESS_GROUP_INSTANCE»PROCESS_GROUP_INSTANCE-4E5F706E76F9A654»truebuiltin:tech.jvm.memory.pool.collectionTime|NONE|TOTAL|BAR|PROCESS_GROUP_INSTANCE": {
                        "lastModified": 1590150571114,
                        "customColor": "#f5d30f"
                    }
                }
            },
            "filtersPerEntityType": {
                "PROCESS_GROUP_INSTANCE": {
                    "SPECIFIC_ENTITIES": ["PROCESS_GROUP_INSTANCE-4E5F706E76F9A654", "PROCESS_GROUP_INSTANCE-00C73015F40F6DAF", "PROCESS_GROUP_INSTANCE-F07CB3935F99384B", "PROCESS_GROUP_INSTANCE-E825FB2F3444DC61"]
                }
            }
        }
    }, {
        "name": "Service or request",
        "tileType": "SERVICE_VERSATILE",
        "configured": true,
        "bounds": {
            "top": 76,
            "left": 1254,
            "width": 304,
            "height": 304
        },
        "tileFilter": {},
        "assignedEntities": ["SERVICE-CDEB60C48DE58E80"]
    }, {
        "name": "Markdown",
        "tileType": "MARKDOWN",
        "configured": true,
        "bounds": {
            "top": 0,
            "left": 1254,
            "width": 304,
            "height": 76
        },
        "tileFilter": {},
        "markdown": "## Service 4"
    }, {
        "name": "Markdown",
        "tileType": "MARKDOWN",
        "configured": true,
        "bounds": {
            "top": 0,
            "left": 0,
            "width": 304,
            "height": 114
        },
        "tileFilter": {},
        "markdown": "# easyTravel\n\n(Restrict the graph below to an app's management zone for a clear picture)"
    }, {
        "name": "Service health",
        "tileType": "SERVICES",
        "configured": true,
        "bounds": {
            "top": 114,
            "left": 38,
            "width": 266,
            "height": 266
        },
        "tileFilter": {},
        "chartVisible": true
    }]
}
